{"lottery_type": "ssq", "tests_done": 3300, "last_idx": 3399, "timestamp": "2026-07-05 11:18:38", "summary": {"freq": {"count": 3300, "sum": 3627, "avg": 1.0991}, "omission": {"count": 3300, "sum": 3643, "avg": 1.1039}, "edge": {"count": 3300, "sum": 3610, "avg": 1.0939}, "combined": {"count": 3300, "sum": 3578, "avg": 1.0842}, "freq_wide": {"count": 3300, "sum": 7220, "avg": 2.1879}, "omission_wide": {"count": 3300, "sum": 7170, "avg": 2.1727}, "combined_wide": {"count": 3300, "sum": 7232, "avg": 2.1915}, "prime": {"count": 3300, "sum": 6540, "avg": 1.9818}, "mod3_cold": {"count": 3300, "sum": 6642, "avg": 2.0127}, "repeat": {"count": 3300, "sum": 3559, "avg": 1.0785}, "consecutive": {"count": 3300, "sum": 2936, "avg": 0.8897}, "pos0_top3": {"count": 3300, "sum": 1458, "avg": 0.4418}, "pos1_top3": {"count": 3300, "sum": 739, "avg": 0.2239}, "pos2_top3": {"count": 3300, "sum": 589, "avg": 0.1785}, "pos3_top3": {"count": 3300, "sum": 591, "avg": 0.1791}, "pos4_top3": {"count": 3300, "sum": 627, "avg": 0.19}, "pos5_top3": {"count": 3300, "sum": 1311, "avg": 0.3973}, "span_match": {"count": 3300, "sum": 676, "avg": 0.2048}, "odd_ratio_score": {"count": 3300, "sum": 817.2399999999996, "avg": 0.2476}, "sum_zscore": {"count": 3300, "sum": 2735.5193710872095, "avg": 0.8289}}}