{"lottery_type": "dlt", "tests_done": 2700, "last_idx": 2799, "timestamp": "2026-07-05 11:19:02", "summary": {"freq": {"count": 2700, "sum": 2070, "avg": 0.7667}, "omission": {"count": 2700, "sum": 1853, "avg": 0.6863}, "edge": {"count": 2700, "sum": 2027, "avg": 0.7507}, "combined": {"count": 2700, "sum": 2068, "avg": 0.7659}, "freq_wide": {"count": 2700, "sum": 4085, "avg": 1.513}, "omission_wide": {"count": 2700, "sum": 3730, "avg": 1.3815}, "combined_wide": {"count": 2700, "sum": 3984, "avg": 1.4756}, "prime": {"count": 2700, "sum": 4326, "avg": 1.6022}, "mod3_cold": {"count": 2700, "sum": 4330, "avg": 1.6037}, "repeat": {"count": 2700, "sum": 1937, "avg": 0.7174}, "consecutive": {"count": 2700, "sum": 1631, "avg": 0.6041}, "pos0_top3": {"count": 2700, "sum": 952, "avg": 0.3526}, "pos1_top3": {"count": 2700, "sum": 408, "avg": 0.1511}, "pos2_top3": {"count": 2700, "sum": 398, "avg": 0.1474}, "pos3_top3": {"count": 2700, "sum": 504, "avg": 0.1867}, "pos4_top3": {"count": 2700, "sum": 985, "avg": 0.3648}, "span_match": {"count": 2700, "sum": 456, "avg": 0.1689}, "odd_ratio_score": {"count": 2700, "sum": 721.4799999999967, "avg": 0.2672}, "sum_zscore": {"count": 2700, "sum": 2251.26290146554, "avg": 0.8338}}}