{
  "全量频率": {
    "avg_hits": 1.1071534579994065,
    "periods": 3369,
    "hits_dist": {
      "2": 818,
      "3": 183,
      "0": 898,
      "1": 1445,
      "4": 25
    }
  },
  "近50期频率": {
    "avg_hits": 1.101810626298605,
    "periods": 3369,
    "hits_dist": {
      "3": 190,
      "2": 810,
      "0": 919,
      "1": 1426,
      "4": 24
    }
  },
  "近100期频率": {
    "avg_hits": 1.1228851291184327,
    "periods": 3369,
    "hits_dist": {
      "2": 822,
      "0": 897,
      "3": 205,
      "1": 1419,
      "5": 1,
      "4": 25
    }
  },
  "遗漏": {
    "avg_hits": 1.1000296823983378,
    "periods": 3369,
    "hits_dist": {
      "2": 810,
      "1": 1490,
      "3": 184,
      "0": 874,
      "4": 11
    }
  },
  "跟随": {
    "avg_hits": 1.1237756010685664,
    "periods": 3369,
    "hits_dist": {
      "2": 790,
      "3": 228,
      "1": 1466,
      "0": 871,
      "4": 14
    }
  },
  "重号": {
    "avg_hits": 1.110121697833185,
    "periods": 3369,
    "hits_dist": {
      "1": 1505,
      "0": 857,
      "2": 805,
      "3": 183,
      "4": 19
    }
  },
  "邻号": {
    "avg_hits": 1.09973285841496,
    "periods": 3369,
    "hits_dist": {
      "2": 806,
      "0": 909,
      "1": 1443,
      "3": 194,
      "4": 17
    }
  },
  "频率+遗漏": {
    "avg_hits": 1.0905313149302465,
    "periods": 3369,
    "hits_dist": {
      "1": 1470,
      "3": 176,
      "2": 814,
      "0": 897,
      "4": 12
    }
  },
  "随机基线": {
    "avg_hits": 1.07479964381122,
    "periods": 3369,
    "hits_dist": {
      "2": 778,
      "1": 1485,
      "0": 919,
      "3": 168,
      "4": 19
    }
  }
}